[
  {
    "id": "/subscriptions/29ccd5da-2e24-4df4-87b9-795071f34ce2/resourceGroups/DefaultResourceGroup-NEU/providers/Microsoft.Resources/deployments/AutomationControl.1883142402.4/operations/D03CCFFF8DE498B9",
    "operationId": "D03CCFFF8DE498B9",
    "properties": {
      "provisioningOperation": "Create",
      "provisioningState": "Running",
      "timestamp": "2021-02-16T04:27:50.998256Z",
      "duration": "PT1M8.413932S",
      "trackingId": "217120b2-49cf-4125-b4fa-a1c15b7d87df",
      "serviceRequestId": "a5243108-ce05-45e8-a5a3-a0a2ab09ec19",
      "statusCode": "Created",
      "targetResource": {
        "id": "/subscriptions/29ccd5da-2e24-4df4-87b9-795071f34ce2/resourceGroups/2021-02-16_group/providers/Microsoft.Resources/deployments/AutomationControl.1883142402.4.dsc",
        "resourceType": "Microsoft.Resources/deployments",
        "resourceName": "AutomationControl.1883142402.4.dsc"
      }
    }
  },
  {
    "id": "/subscriptions/29ccd5da-2e24-4df4-87b9-795071f34ce2/resourceGroups/DefaultResourceGroup-NEU/providers/Microsoft.Resources/deployments/AutomationControl.1883142402.4/operations/142FF129C490F14A",
    "operationId": "142FF129C490F14A",
    "properties": {
      "provisioningOperation": "Create",
      "provisioningState": "Succeeded",
      "timestamp": "2021-02-16T04:26:45.788806Z",
      "duration": "PT11.8547391S",
      "trackingId": "0077cb0a-46e0-41b9-9e4b-0c0f8dc14298",
      "serviceRequestId": "ab7f2f81-ac95-4114-907d-6698bbc8f52d",
      "statusCode": "OK",
      "targetResource": {
        "id": "/subscriptions/29ccd5da-2e24-4df4-87b9-795071f34ce2/resourceGroups/DefaultResourceGroup-NEU/providers/Microsoft.Resources/deployments/AutomationControl.1883142402.4.link",
        "resourceType": "Microsoft.Resources/deployments",
        "resourceName": "AutomationControl.1883142402.4.link"
      }
    }
  },
  {
    "id": "/subscriptions/29ccd5da-2e24-4df4-87b9-795071f34ce2/resourceGroups/DefaultResourceGroup-NEU/providers/Microsoft.Resources/deployments/AutomationControl.1883142402.4/operations/C7FFDAD418F9E709",
    "operationId": "C7FFDAD418F9E709",
    "properties": {
      "provisioningOperation": "Create",
      "provisioningState": "Succeeded",
      "timestamp": "2021-02-16T04:26:42.8869837Z",
      "duration": "PT8.9529168S",
      "trackingId": "8dabbb25-d04a-4c1f-b22d-e6bbf314a483",
      "serviceRequestId": "841a8793-3a4c-403f-b399-9cdeb1744243",
      "statusCode": "OK",
      "targetResource": {
        "id": "/subscriptions/29ccd5da-2e24-4df4-87b9-795071f34ce2/resourceGroups/DefaultResourceGroup-NEU/providers/Microsoft.Resources/deployments/AutomationControl.1883142402.4.solution",
        "resourceType": "Microsoft.Resources/deployments",
        "resourceName": "AutomationControl.1883142402.4.solution"
      }
    }
  },
  {
    "id": "/subscriptions/29ccd5da-2e24-4df4-87b9-795071f34ce2/resourceGroups/DefaultResourceGroup-NEU/providers/Microsoft.Resources/deployments/AutomationControl.1883142402.4/operations/F9FBDC47EFCD8D12",
    "operationId": "F9FBDC47EFCD8D12",
    "properties": {
      "provisioningOperation": "Create",
      "provisioningState": "Succeeded",
      "timestamp": "2021-02-16T04:26:40.0511746Z",
      "duration": "PT6.1171077S",
      "trackingId": "6878952d-cd38-4b58-9020-7c0cd979ded6",
      "serviceRequestId": "204cf387-cdf2-4ffb-aeab-8dfcd83ec8de",
      "statusCode": "OK",
      "targetResource": {
        "id": "/subscriptions/29ccd5da-2e24-4df4-87b9-795071f34ce2/resourceGroups/DefaultResourceGroup-NEU/providers/Microsoft.Resources/deployments/AutomationControl.1883142402.4.scopeConfiguration",
        "resourceType": "Microsoft.Resources/deployments",
        "resourceName": "AutomationControl.1883142402.4.scopeConfiguration"
      }
    }
  },
  {
    "id": "/subscriptions/29ccd5da-2e24-4df4-87b9-795071f34ce2/resourceGroups/DefaultResourceGroup-NEU/providers/Microsoft.Resources/deployments/AutomationControl.1883142402.4/operations/B5BADDD1CD7800A2",
    "operationId": "B5BADDD1CD7800A2",
    "properties": {
      "provisioningOperation": "Create",
      "provisioningState": "Succeeded",
      "timestamp": "2021-02-16T04:26:42.4344447Z",
      "duration": "PT8.5003778S",
      "trackingId": "1e844873-cdbc-43b0-a219-70a7ef0bfc4f",
      "serviceRequestId": "61eab39d-5a35-4af0-a5bb-548fb3e249ab",
      "statusCode": "OK",
      "targetResource": {
        "id": "/subscriptions/29ccd5da-2e24-4df4-87b9-795071f34ce2/resourceGroups/DefaultResourceGroup-NEU/providers/Microsoft.Resources/deployments/AutomationControl.1883142402.4.account",
        "resourceType": "Microsoft.Resources/deployments",
        "resourceName": "AutomationControl.1883142402.4.account"
      }
    }
  },
  {
    "id": "/subscriptions/29ccd5da-2e24-4df4-87b9-795071f34ce2/resourceGroups/DefaultResourceGroup-NEU/providers/Microsoft.Resources/deployments/AutomationControl.1883142402.4/operations/07709F037AB0B05E",
    "operationId": "07709F037AB0B05E",
    "properties": {
      "provisioningOperation": "Create",
      "provisioningState": "Succeeded",
      "timestamp": "2021-02-16T04:26:36.204178Z",
      "duration": "PT1M46.6444973S",
      "trackingId": "6fcd485e-60e1-44d7-ab1a-cc0127ce35a2",
      "serviceRequestId": "42d6fae9-84e7-4482-86d3-cbf8b068ca12",
      "statusCode": "OK",
      "targetResource": {
        "id": "/subscriptions/29ccd5da-2e24-4df4-87b9-795071f34ce2/resourceGroups/2021-02-16_group/providers/Microsoft.Resources/deployments/AutomationControl.1883142402.4.mma",
        "resourceType": "Microsoft.Resources/deployments",
        "resourceName": "AutomationControl.1883142402.4.mma"
      }
    }
  },
  {
    "id": "/subscriptions/29ccd5da-2e24-4df4-87b9-795071f34ce2/resourceGroups/DefaultResourceGroup-NEU/providers/Microsoft.Resources/deployments/AutomationControl.1883142402.4/operations/D8E59A46C242815E",
    "operationId": "D8E59A46C242815E",
    "properties": {
      "provisioningOperation": "Create",
      "provisioningState": "Succeeded",
      "timestamp": "2021-02-16T04:26:36.4990091Z",
      "duration": "PT2.5649422S",
      "trackingId": "5cbe0557-a414-4e32-8da6-c1eb7cfd19b7",
      "serviceRequestId": "9f2b73eb-c0cc-46cd-86d6-ed127bf04185",
      "statusCode": "OK",
      "targetResource": {
        "id": "/subscriptions/29ccd5da-2e24-4df4-87b9-795071f34ce2/resourceGroups/DefaultResourceGroup-NEU/providers/Microsoft.Resources/deployments/AutomationControl.1883142402.4.computerGroupQuery",
        "resourceType": "Microsoft.Resources/deployments",
        "resourceName": "AutomationControl.1883142402.4.computerGroupQuery"
      }
    }
  },
  {
    "id": "/subscriptions/29ccd5da-2e24-4df4-87b9-795071f34ce2/resourceGroups/DefaultResourceGroup-NEU/providers/Microsoft.Resources/deployments/AutomationControl.1883142402.4/operations/54879429B60346F3",
    "operationId": "54879429B60346F3",
    "properties": {
      "provisioningOperation": "Create",
      "provisioningState": "Succeeded",
      "timestamp": "2021-02-16T04:26:33.8835511Z",
      "duration": "PT1M44.3238704S",
      "trackingId": "7dc46fa5-1d70-4e04-be1c-925ae183a29b",
      "serviceRequestId": "f61f2627-da32-4c8d-9c6c-0fec4f99c15e",
      "statusCode": "OK",
      "targetResource": {
        "id": "/subscriptions/29ccd5da-2e24-4df4-87b9-795071f34ce2/resourceGroups/DefaultResourceGroup-NEU/providers/Microsoft.OperationalInsights/workspaces/DefaultWorkspace-29ccd5da-2e24-4df4-87b9-795071f34ce2-NEU",
        "resourceType": "Microsoft.OperationalInsights/workspaces",
        "resourceName": "DefaultWorkspace-29ccd5da-2e24-4df4-87b9-795071f34ce2-NEU"
      }
    }
  }
]